<?xml version="1.0" encoding="UTF-8"?>
<beans xmlns="http://www.springframework.org/schema/beans"   
      xmlns:xsi="http://www.w3.org/2001/XMLSchema-instance"  
      xmlns:p="http://www.springframework.org/schema/p"   
      xmlns:context="http://www.springframework.org/schema/context"  
      xmlns:mvc="http://www.springframework.org/schema/mvc"
      xsi:schemaLocation="  
          http://www.springframework.org/schema/beans   
          http://www.springframework.org/schema/beans/spring-beans-4.1.xsd  
          http://www.springframework.org/schema/context   
          http://www.springframework.org/schema/context/spring-context-4.1.xsd  
          http://www.springframework.org/schema/mvc  
          http://www.springframework.org/schema/mvc/spring-mvc-4.1.xsd"  
      default-autowire="byType" > 
   
   <mvc:annotation-driven>
   <!-- 以下配置可以解决@ResponseBody中文乱码问题  -->
   		<mvc:message-converters>
            <bean class="org.springframework.http.converter.StringHttpMessageConverter">
                <property name="supportedMediaTypes">
                    <list>
                        <value>text/plain;charset=UTF-8</value>
                        <value>text/html;charset=UTF-8</value>
                    </list>
                </property>
            </bean>
        </mvc:message-converters>
   </mvc:annotation-driven>
   
   <!-- 配置静态资源解析 
   <mvc:resources location="/resources/js/" mapping="/js/**"/>
   <mvc:resources location="/resources/css/" mapping="/css/**"/>
   <mvc:resources location="/resources/image/" mapping="/image/**"/>
   -->
   
   <!-- 注解自动加载范围 -->      
   <context:component-scan base-package="com.hillhouse.home.controller"/>
   <bean class="org.springframework.web.servlet.view.InternalResourceViewResolver">
   	<property name="prefix">
   		<value>/WEB-INF/pages/</value>
   	</property>
   	<property name="suffix">
   		<value>.jsp</value>
   	</property>
   </bean>
</beans>